concept,unit,grade
"1.1 소수와 합성수, 소인수분해",1. 수와 연산,1학년
1.2 최대공약수와 최소공배수,nan,1학년
1.3 정수와 유리수,nan,1학년
1.4 절댓값,nan,1학년
"1.5 정수와 유리수의 덧셈, 뺄셈",nan,1학년
"1.6 정수와 유리수의 곱셈, 나눗셈",nan,1학년
1.7 유리수와 유한소수,nan,2학년
1.8 순환소수,nan,2학년
1.9 제곱근의 뜻과 성질,nan,3학년
1.10 무리수와 실수,nan,3학년
1.11 실수의 대소 관계,nan,3학년
"1.12 제곱근의 곱셈과 나눗셈, 분모의 유리화",nan,3학년
1.13 제곱근의 덧셈과 뺄셈,nan,3학년
2.1 문자와 식,2. 문자와 식,1학년
2.2 일차식의 사칙 연산,nan,1학년
2.3 항등식,nan,1학년
2.4 일차방정식의 풀이,nan,1학년
2.5 소금물의 농도,nan,1학년
"2.6 속력과 증가, 감소",nan,1학년
2.7 지수 법칙,nan,2학년
2.8 단항식의 곱셈과 나눗셈,nan,2학년
2.9 다항식의 사칙 연산,nan,2학년
2.10 일차부등식의 풀이,nan,2학년
2.11 일차부등식의 활용,nan,2학년
2.12 연립방정식의 풀이,nan,2학년
2.13 여러 가지 연립방정식,nan,2학년
2.14 연립방정식의 활용,nan,2학년
3.1 순서쌍과 좌표,3. 함수,1학년
3.2 함수 y=ax의 그래프와 정비례,nan,1학년
3.3 함수 y=a/x의 그래프와 반비례,nan,1학년
3.4 함수와 함숫값,nan,2학년
3.5 일차함수의 뜻과 그래프,nan,2학년
3.6 일차함수의 절편과 기울기,nan,2학년
3.7 일차함수의 그래프의 성질,nan,2학년
3.8 일차함수와 일차방정식,nan,2학년
3.9 직선의 방정식 구하기,nan,2학년
3.10 연립방정식의 해와 두 직선의 교점,nan,2학년
3.11 이차함수의 뜻과 그래프,nan,3학년
3.12 이차함수의 그래프(기본형),nan,3학년
3.13 이차함수의 그래프(표준형),nan,3학년
3.14 이차함수의 그래프(일반형),nan,3학년
3.15 이차함수의 계수와 부호와 식 구하기,nan,3학년
4.1 경우의 수,4. 확률과 통계,2학년
4.2 여러 가지 경우의 수 - 한 줄로 세우기,nan,2학년
4.3 여러 가지 경우의 수 - 대표 뽑기,nan,2학년
4.4 확률의 뜻과 성질,nan,2학년
4.5 확률의 계산,nan,2학년
4.6 도수분포표와 상대도수,nan,1학년
"4.7 대푯값(평균, 중앙값, 최빈값)",nan,3학년
4.8 분산과 표준편차,nan,3학년
4.9 도수분포표에서의 분산과 표준편차,nan,3학년
4.10 산정도와 상관관계,nan,3학년
"5.1 직선, 반직선, 선분, 두 점 사이의 거리",5. 기하,1학년
"5.2 각, 수직과 수선",nan,1학년
"5.3 점과 직선, 점과 평면, 두 직선의 위치 관계",nan,1학년
"5.4 공간에서 직선과 평면, 두 평면의 위치 관계",nan,1학년
"5.5 동위각과 엇각, 평행선의 성질",nan,1학년
5.6 삼각형,nan,1학년
5.7 삼각형의 합동,nan,1학년
5.8 다각형의 내각과 외각,nan,1학년
5.9 원과 부채꼴,nan,1학년
5.10 다면체,nan,1학년
5.11 회전체,nan,1학년
"5.12 기둥, 뿔, 구의 겉넓이와 부피",nan,1학년
5.13 이등변삼각형,nan,2학년
5.14 삼각형의 외심,nan,2학년
5.15 삼각형의 내심,nan,2학년
5.16 삼각형의 내접원의 활용,nan,2학년
5.17 평행사변형,nan,2학년
5.18 여러 가지 사각형,nan,2학년
"5.19 여러 가지 사각형 사이의 관계, 평행선의 넓이",nan,2학년
5.20 닮은 도형,nan,2학년
5.21 닮음의 활용,nan,2학년
"5.22 각의 이등분선, 평행선과 선분",nan,2학년
5.23 삼각형의 두 변의 중점을 연결한 선분의 성질,nan,2학년
5.24 삼각형의 중선과 무게중심,nan,2학년
5.25 닮은 도형의 넓이와 부피,nan,2학년
5.26 피타고라스의 정리,nan,3학년
5.27 피타고라스의 정리의 설명,nan,3학년
5.28 피타고라스의 정리(도형의 성질),nan,3학년
5.29 피타고라스의 정리(평면 활용),nan,3학년
5.30 피타고라스의 정리(입체 활용),nan,3학년
5.31 삼각비,nan,3학년
5.32 삼각비의 활용(변의 길이),nan,3학년
5.33 삼각비의 활용(도형의 넓이),nan,3학년
5.34 원의 현,nan,3학년
5.35 원의 접선,nan,3학년
5.36 원주각,nan,3학년
5.37 원주각의 활용,nan,3학년
3.7,,
4.1,,
5.15,,
3.11,,
4.6,,
2.12,,
2.1,,
1.10,,
1.4. 1.5,,
4.9,,
5.20,,
2.3,,
1.9,,
5.28,,
3.1,,
5.27,,
5.32,,
1.1,,
5.18,,
2.4,,
1.7,,
3.5,,
1.5,,
2.5,,
5.14,,
5.26,,
2.10,,
2.8,,
5.3,,
5.7,,
2.2,,
5.23,,
2.7,,
5.29,,
5.12,,
4.7,,
2.13,,
2.6,,
1.4,,
5.36,,
5.5,,
1.3,,
3.9,,
4.8,,
2.9,,
4.3,,
5.31,,
3.13,,
3.14,,
5.17,,
3.4,,
3.12,,
5.34,,
3.2,,
4.2,,
3.6,,
5.6,,
5.8,,
5.9,,
5.13,,
5.11,,
3.3,,
5.2,,
5.1,,
1.6,,
